customerID,Churn
743,No
668,No
5741,No
5449,No
2020,No
3067,No
5178,No
2035,No
4281,No
3001,No
1168,No
6386,No
1162,No
3171,Yes
531,Yes
6149,Yes
4979,No
1038,No
5734,No
3088,No
5637,Yes
796,No
4165,No
2627,No
110,Yes
4443,No
2774,No
4148,Yes
6696,No
405,No
3958,No
6866,No
6991,No
1748,No
5570,Yes
6,No
1882,Yes
2283,No
6509,No
1116,No
518,No
3253,No
3768,No
3112,No
4319,No
2421,Yes
6427,No
2516,No
6870,No
5620,No
342,No
4585,No
5419,No
5486,No
4574,No
4159,No
5028,No
6106,No
4988,No
5898,No
2874,No
4815,No
5144,No
3698,No
265,No
3988,No
4362,No
1558,No
3200,No
3377,No
805,No
3040,No
1568,No
3027,No
5597,No
3302,No
5172,No
1439,Yes
2734,Yes
6213,No
5460,Yes
6952,No
3388,Yes
2201,No
2443,Yes
618,Yes
4144,Yes
4266,Yes
1610,No
1285,No
3234,No
2170,No
673,No
3788,No
2700,No
3037,Yes
3151,No
1582,No
2760,No
4630,No
250,No
6537,Yes
3677,No
2489,No
4656,No
1469,No
3699,No
4352,No
5018,No
2963,No
3854,No
714,No
1438,No
6432,No
4705,No
3462,No
344,No
3678,No
2480,No
3514,No
485,No
5387,No
1245,No
4599,Yes
5372,No
1284,No
3927,Yes
631,No
2218,No
1387,No
5297,No
6786,No
884,Yes
4304,Yes
5720,No
2041,No
1983,Yes
5876,No
2086,No
2351,Yes
5719,Yes
3779,No
2692,Yes
1649,No
4251,No
6544,No
747,No
6502,No
3819,No
3656,No
4534,No
113,Yes
5886,No
5860,No
4629,Yes
1753,No
3283,No
1783,No
5751,No
3641,No
2305,No
5188,No
1165,No
2794,No
5266,Yes
2649,No
527,No
2950,Yes
3090,No
6694,No
6733,No
267,No
3992,No
3437,No
2461,No
3869,Yes
5283,No
581,Yes
2674,No
2521,No
4472,No
5575,No
3737,No
2518,Yes
1421,Yes
3731,Yes
5609,Yes
6399,No
1237,Yes
1812,No
3454,No
3971,Yes
5509,No
2507,Yes
3554,No
2792,No
2757,No
4306,No
2178,No
6104,No
1888,No
894,No
801,No
5836,No
675,No
1875,No
4485,No
1778,No
383,Yes
1695,No
5413,No
2497,No
6576,No
6455,Yes
6167,Yes
3166,No
1292,Yes
2336,No
2285,Yes
5781,No
2575,No
4677,No
4759,No
2684,No
3621,No
2216,No
3966,No
1517,No
699,No
6528,Yes
3754,No
1062,No
700,No
3812,No
6280,No
4037,No
5077,No
6092,No
1998,Yes
3810,No
4524,No
3706,No
3453,Yes
2707,No
4864,Yes
5041,Yes
3410,No
4701,No
2590,Yes
6307,No
5591,No
1124,No
5536,Yes
2919,Yes
1541,Yes
6779,Yes
5058,No
3063,No
5048,No
5113,No
553,No
1889,Yes
4139,No
2380,No
5678,Yes
2272,No
4017,No
2646,No
4509,No
2502,No
1742,Yes
1771,No
5614,No
4651,No
3311,Yes
2704,No
6568,No
6811,No
5097,Yes
5516,No
192,No
2601,Yes
1584,No
6080,No
3364,No
6124,No
4987,No
6495,No
2688,No
1382,Yes
3228,No
4225,No
6105,Yes
1145,No
1450,No
503,Yes
3751,Yes
1323,No
6160,No
4018,No
4848,No
1420,No
6969,No
6110,Yes
3899,No
6990,No
6628,No
6510,No
1037,No
1399,No
5724,Yes
4002,No
4748,No
6967,No
3038,Yes
2175,No
2517,Yes
6358,No
2968,No
36,No
212,No
5501,Yes
2519,No
3537,Yes
4132,No
4674,No
3806,Yes
5444,No
6027,No
4214,No
6698,No
4142,No
2812,No
2961,No
510,No
3772,No
5549,Yes
3369,Yes
5831,No
2652,Yes
984,No
4407,No
1546,No
1701,No
3901,Yes
3460,No
4732,No
4753,No
5771,No
95,Yes
2871,No
1389,No
4866,No
4673,Yes
4757,No
3876,No
3343,No
6440,No
6731,No
2063,No
6525,No
6946,No
5121,Yes
1999,No
5901,No
5593,No
6131,No
1566,No
6257,No
3398,No
6363,No
2801,No
2140,Yes
195,No
53,Yes
1073,No
3062,No
5215,No
163,No
5433,No
2383,No
3654,No
1152,No
1381,No
2456,No
4872,No
4938,No
3572,No
175,No
2134,Yes
6906,No
2683,No
2368,No
249,No
1796,No
404,No
2314,Yes
2286,No
6450,No
4223,Yes
1044,No
6282,Yes
3910,No
5356,No
1637,Yes
2235,No
3631,No
2158,Yes
4035,No
6701,No
3117,No
4850,Yes
2270,Yes
4471,No
5820,No
4727,Yes
5528,Yes
4654,No
4475,Yes
1076,No
6564,Yes
5248,No
469,No
6421,No
4371,No
717,No
1350,No
6844,No
4768,No
437,No
5301,No
5375,Yes
2547,Yes
4300,No
5519,No
6897,Yes
4230,No
652,No
2896,Yes
5878,No
4065,Yes
2231,No
3546,No
346,Yes
5138,No
4857,Yes
6992,No
5722,No
4097,No
2505,No
1768,No
5310,No
5202,No
185,Yes
4551,No
5517,Yes
1211,No
1781,No
491,Yes
4828,Yes
3799,No
2044,Yes
5700,No
3729,Yes
558,Yes
2139,No
1468,No
4160,No
4463,Yes
6159,No
849,No
2157,Yes
715,No
5104,Yes
1687,No
1737,No
4645,Yes
2793,Yes
6796,No
1043,Yes
1067,Yes
3826,No
277,No
3185,No
2338,No
4085,Yes
6191,No
2448,Yes
4068,Yes
5834,Yes
6547,No
1575,No
6093,No
156,No
2252,Yes
4669,No
3861,No
4838,No
73,No
3420,No
2915,Yes
1456,No
1522,Yes
4464,No
1729,No
922,No
1630,No
2101,No
2466,No
6188,Yes
4592,No
164,No
4749,No
6690,No
4891,No
594,No
3209,Yes
6675,Yes
2435,No
3845,Yes
2180,No
6353,Yes
1830,No
2909,Yes
6630,No
6637,No
3070,No
6932,No
4662,Yes
4158,No
5858,No
1061,No
2503,No
3030,No
4820,Yes
1221,No
1104,No
895,Yes
4670,No
2775,No
6830,Yes
2277,No
6412,No
2680,Yes
3043,No
3412,Yes
447,No
5404,No
2672,No
2600,No
560,No
907,No
2570,Yes
6645,Yes
5399,No
2232,No
3704,No
2745,No
5930,Yes
1011,No
4762,No
5205,No
3670,No
4446,No
4462,No
6580,Yes
5931,Yes
2991,Yes
4414,No
3898,No
3884,No
2930,No
6229,No
6993,No
2664,No
5016,No
1924,No
5750,No
2491,No
746,No
3235,No
153,No
4575,No
38,Yes
5505,No
6192,Yes
4270,No
2773,Yes
6773,No
2901,No
3183,Yes
1815,No
352,Yes
6351,Yes
1328,No
621,No
6931,No
6137,No
5522,No
487,No
1114,No
6921,No
3980,No
5856,No
1874,No
3583,No
1015,No
4874,Yes
5086,No
4359,No
6099,No
5759,Yes
1585,No
2372,No
4152,Yes
3852,No
4596,No
541,No
4743,No
1398,Yes
5650,No
4282,No
768,No
2606,No
641,Yes
4260,No
266,No
1461,No
2554,No
1179,No
6335,No
3322,No
4506,No
2220,No
2803,No
2705,No
5452,No
3375,Yes
4387,Yes
7,No
4706,No
3360,No
139,Yes
449,No
9,No
2782,No
2686,No
5671,No
4565,No
3823,No
1034,No
2893,Yes
6441,No
4205,No
5093,No
3746,No
1766,No
5633,No
5996,No
3461,No
4667,No
6330,No
4725,No
5490,No
6194,No
223,No
6026,No
3175,No
177,No
878,No
5810,No
2665,No
2033,Yes
5714,No
5075,No
3565,Yes
3515,Yes
5744,No
3402,No
3049,Yes
2204,Yes
6691,No
2913,No
6286,No
3724,No
2087,No
4232,No
3672,Yes
5691,No
203,No
3897,No
5624,No
4693,No
6978,No
5756,No
6600,No
1728,No
1442,No
2282,No
4473,No
2397,Yes
4676,No
1730,No
6165,No
1615,No
2921,No
6648,No
4166,Yes
852,No
5360,Yes
4868,No
3676,No
6836,Yes
1581,No
609,No
4226,No
3110,No
5382,No
3791,No
4026,No
1560,Yes
1002,Yes
2790,No
4690,No
6101,No
5579,No
458,No
4795,Yes
4200,Yes
2016,No
5361,Yes
3846,No
1639,No
2262,Yes
6496,No
6070,No
6305,Yes
4855,No
762,No
4228,No
5260,No
942,Yes
5634,No
4449,No
5964,No
1296,No
5100,No
1734,No
4844,No
350,No
5954,No
1836,No
5711,No
2179,No
3482,No
3735,Yes
5063,No
3972,No
1694,No
3711,Yes
6719,Yes
5424,Yes
3153,No
905,No
3855,Yes
3652,No
6264,Yes
6489,No
4780,No
5465,Yes
6816,No
5082,Yes
657,No
1571,No
4934,No
2821,No
1554,No
4852,No
4737,No
479,No
1775,No
3078,Yes
2294,No
101,No
6463,No
754,No
4406,No
4720,Yes
1511,Yes
1343,No
687,Yes
1880,No
3721,Yes
6535,Yes
2693,Yes
6748,No
1252,No
2797,No
6431,No
2422,No
6893,No
1557,No
603,No
950,No
4572,No
6084,No
2975,No
5642,Yes
2566,No
6430,No
1276,No
4683,No
6586,No
936,No
18,No
2965,No
6874,No
4940,No
1445,No
3351,No
4323,No
6179,No
3468,No
2754,Yes
6977,Yes
6483,Yes
64,Yes
6402,No
6329,No
476,No
4571,No
1851,No
3146,No
4395,Yes
5727,No
6238,No
4427,No
2980,No
5602,No
6120,No
3098,No
3984,Yes
6010,Yes
3956,No
1976,No
4063,Yes
4783,No
5589,Yes
5426,No
3014,Yes
1845,Yes
4123,No
5788,No
3389,No
6493,No
6312,No
4316,No
6296,No
3007,No
384,No
170,No
4910,No
626,No
4390,No
3622,No
6910,Yes
5316,No
6452,No
3238,No
4175,No
3506,No
2847,No
1345,No
3361,No
4660,No
5107,Yes
833,No
4982,No
324,No
4733,No
3199,No
6050,No
128,No
3989,No
22,No
3629,No
5755,No
4535,No
5986,Yes
2951,No
2348,No
6644,No
3828,No
3763,No
5627,No
2559,No
5034,No
2222,No
3154,No
4380,No
2253,No
154,No
290,Yes
4542,No
4350,No
6437,No
5927,Yes
2819,No
4020,No
4589,No
2973,No
5577,No
3783,Yes
6247,No
2650,No
3438,Yes
4024,No
6854,Yes
4299,No
1856,No
6741,No
4514,No
3447,No
3391,No
4999,No
3289,No
3745,Yes
1773,No
5945,No
5342,No
3424,Yes
1375,No
931,Yes
1330,Yes
3922,No
4274,No
947,Yes
1279,No
6640,No
6915,No
4644,Yes
1443,No
6474,Yes
1346,No
1184,Yes
376,No
5613,No
958,No
6415,No
6001,Yes
3470,No
5191,No
1153,No
2256,No
1247,No
5885,No
126,Yes
6704,No
6941,No
4183,No
2662,No
4804,Yes
2225,No
3626,Yes
6983,No
6287,No
6976,Yes
2923,No
6397,No
2509,Yes
3684,No
3903,Yes
1953,No
3474,No
6715,No
4451,No
1080,Yes
3159,No
6157,No
1288,No
2289,No
811,No
3856,No
5838,No
6457,Yes
5270,No
3464,No
1726,Yes
2967,No
5469,No
5619,Yes
1606,No
3604,No
2577,No
183,No
6073,Yes
2846,No
2523,No
49,No
2290,No
978,No
4927,Yes
5854,No
1657,Yes
2198,Yes
2208,No
3204,No
150,No
4110,No
4605,No
991,No
2378,Yes
1548,No
4983,No
1208,No
3555,No
970,No
4145,No
2012,Yes
5409,No
2137,Yes
3225,No
4520,No
3517,No
284,No
6100,No
2318,Yes
6649,No
5145,No
4740,Yes
6858,No
6492,No
4921,No
867,No
5560,No
6126,No
1310,No
2302,No
4210,No
580,Yes
4802,No
454,No
3409,No
2510,No
6986,No
2981,No
5616,No
6550,No
260,Yes
3902,No
1039,No
3056,No
3291,No
5357,No
4265,No
1846,No
1791,Yes
4075,No
3959,No
2486,No
3752,No
3986,No
6671,No
4307,No
5670,No
3518,No
2912,No
4340,No
5934,No
2469,No
4442,No
4402,No
1113,No
4382,No
2347,No
1369,No
6186,No
3778,No
5798,No
6530,No
1631,Yes
866,No
216,No
302,Yes
6929,No
5403,No
2883,No
1416,Yes
24,No
123,No
6219,No
1092,Yes
3740,Yes
1801,No
2881,No
3646,No
1449,Yes
2659,Yes
1091,No
5118,Yes
6887,No
6209,Yes
4933,No
453,No
523,Yes
2153,Yes
5908,Yes
2295,No
3535,No
1594,No
4171,Yes
1717,Yes
1255,Yes
3943,No
5397,No
2772,Yes
5232,No
1521,No
4538,No
807,Yes
3693,No
5175,No
2083,No
1260,No
6181,No
3710,No
5106,Yes
6205,No
5865,Yes
3508,No
4081,No
2009,No
2675,No
902,No
1705,No
6454,No
2136,No
4647,No
3206,No
1290,No
5318,No
5196,No
1703,No
2611,No
3786,Yes
4715,No
4147,No
2471,No
6054,No
5789,Yes
1446,No
3765,No
1150,No
6746,No
6653,Yes
2895,No
3947,No
6117,No
3838,No
5692,No
4255,No
5512,No
3954,No
7003,No
2716,Yes
1462,No
653,No
3792,Yes
3226,No
1802,No
3376,No
5192,Yes
402,No
3669,No
5216,No
6300,Yes
2758,No
5074,No
1084,Yes
3547,Yes
3368,No
1565,No
5009,No
6629,No
672,No
2744,No
303,No
6752,No
5102,No
1316,No
1478,Yes
5816,Yes
2149,No
979,Yes
6240,No
3666,No
5841,No
781,Yes
4343,No
2743,Yes
2924,Yes
2454,Yes
3293,Yes
2296,No
1519,No
2328,No
4779,No
3700,No
2996,No
6103,No
3303,No
4015,No
759,No
3720,No
5652,No
1380,No
4679,No
6944,No
6322,Yes
6697,No
6075,No
3644,No
2914,No
1634,No
311,No
3938,Yes
3716,No
4708,No
2877,Yes
3935,No
2629,No
4189,No
3501,No
1143,Yes
4567,No
3540,Yes
3911,No
6611,No
428,No
5064,No
6096,No
3080,Yes
2783,No
1177,No
683,Yes
4119,No
3714,No
552,No
865,No
4504,No
4455,No
6763,Yes
519,No
5210,No
3829,Yes
3667,Yes
4420,No
2762,No
180,Yes
2861,No
880,Yes
3701,No
1347,Yes
4689,No
87,No
2816,Yes
74,No
481,No
6318,Yes
955,No
262,No
1892,No
5011,Yes
2075,Yes
4627,Yes
937,No
5158,Yes
1128,No
617,No
5682,No
6372,No
3215,No
1665,No
5552,Yes
2333,Yes
2460,No
6367,No
325,No
3290,Yes
1119,No
2903,No
5010,No
2610,No
2116,Yes
2728,No
4438,No
968,No
891,No
701,Yes
1653,No
6940,No
6129,Yes
2376,No
2155,No
4564,No
2081,No
5825,No
1460,No
3827,Yes
6182,No
4846,No
1216,Yes
679,Yes
6208,Yes
6732,No
4920,No
6074,No
4109,No
6822,No
4631,No
3534,No
959,No
3086,No
1186,No
6738,No
685,No
337,No
6501,No
791,No
1772,No
6098,No
6342,No
890,No
5703,Yes
3243,No
995,No
5559,No
4489,No
5123,No
2742,Yes
4184,No
1698,No
4007,No
5558,No
5091,Yes
2979,No
6018,No
3145,No
1023,No
2465,No
165,No
524,No
3357,No
1879,No
1757,No
4822,No
6422,No
3705,No
3321,No
7000,No
1906,No
4258,No
4869,No
445,No
4164,No
300,No
1821,No
6114,No
3165,No
2424,Yes
1032,No
1995,No
4048,No
2082,No
5165,No
85,Yes
4419,No
2254,No
315,No
2703,No
2099,No
649,No
658,No
1544,No
3896,No
5662,No
5661,Yes
4875,No
4553,No
3436,No
4325,No
213,No
1103,No
5696,No
821,No
5219,No
6861,No
14,No
5808,No
2587,No
1336,No
3401,No
